post_id,true_relevance
10v8sey,-71.21337698660354
17lese9,-31.54050698980096
17z2hci,-67.82454937352897
197vo6o,-24.6855614973262
19aeo2k,22.23809523809524
1b6cg4q,-83.03094396344396
1bulhj9,-66.2486093073593
1cwqkqe,-38.53436471362738
1d5h5h6,-47.01599326599326
