post_id,true_relevance
10v8sey,-184.24194841517496
17lese9,-83.36907841837238
17z2hci,-192.99597794495756
197vo6o,-52.085561497326196
19aeo2k,35.666666666666664
1b6cg4q,-188.61665824915823
1bulhj9,-171.99146645021645
1cwqkqe,-115.23436471362739
1d5h5h6,-112.51599326599329
