post_id,sentiment
1bulhj9,-5.415676896305748
1b6cg4q,-5.415676896305748
1d5h5h6,-5.415676896305748
17z2hci,-5.415676896305748
197vo6o,-5.415676896305748
19aeo2k,-5.415676896305748
1cwqkqe,-5.415676896305748
10v8sey,-5.415676896305748
17lese9,-5.415676896305748
